cohort_type,cohort_month,dimension,first_value,m,metric,measure,cohort_size,ltv_per_user
purchase,2024-10-01,overall,ALL,0,any,gross_margin,3,549.33
purchase,2024-10-01,overall,ALL,1,any,gross_margin,3,998.67
purchase,2024-10-01,overall,ALL,2,any,gross_margin,3,1448.0
purchase,2024-10-01,overall,ALL,3,any,gross_margin,3,1897.33
purchase,2024-10-01,overall,ALL,4,any,gross_margin,3,2113.67
purchase,2024-10-01,overall,ALL,5,any,gross_margin,3,2113.67
purchase,2024-10-01,overall,ALL,6,any,gross_margin,3,2113.67
purchase,2024-10-01,overall,ALL,7,any,gross_margin,3,2333.0
purchase,2024-10-01,overall,ALL,8,any,gross_margin,3,2436.0
purchase,2024-10-01,overall,ALL,9,any,gross_margin,3,2539.0
purchase,2024-10-01,overall,ALL,10,any,gross_margin,3,2539.0
purchase,2024-10-01,overall,ALL,11,any,gross_margin,3,2539.0
purchase,2024-10-01,overall,ALL,12,any,gross_margin,3,2539.0
purchase,2024-11-01,overall,ALL,0,any,gross_margin,5,385.4
purchase,2024-11-01,overall,ALL,1,any,gross_margin,5,587.0
purchase,2024-11-01,overall,ALL,2,any,gross_margin,5,648.8
purchase,2024-11-01,overall,ALL,3,any,gross_margin,5,710.6
purchase,2024-11-01,overall,ALL,4,any,gross_margin,5,772.4
purchase,2024-11-01,overall,ALL,5,any,gross_margin,5,834.2
purchase,2024-11-01,overall,ALL,6,any,gross_margin,5,896.0
purchase,2024-11-01,overall,ALL,7,any,gross_margin,5,896.0
purchase,2024-11-01,overall,ALL,8,any,gross_margin,5,957.8
purchase,2024-11-01,overall,ALL,9,any,gross_margin,5,1019.6
purchase,2024-11-01,overall,ALL,10,any,gross_margin,5,1081.4
purchase,2024-11-01,overall,ALL,11,any,gross_margin,5,1205.0
purchase,2024-11-01,overall,ALL,12,any,gross_margin,5,1266.8
purchase,2024-12-01,overall,ALL,0,any,gross_margin,19,568.68
purchase,2024-12-01,overall,ALL,1,any,gross_margin,19,906.05
purchase,2024-12-01,overall,ALL,2,any,gross_margin,19,1295.89
purchase,2024-12-01,overall,ALL,3,any,gross_margin,19,1604.32
purchase,2024-12-01,overall,ALL,4,any,gross_margin,19,1881.21
purchase,2024-12-01,overall,ALL,5,any,gross_margin,19,2113.42
purchase,2024-12-01,overall,ALL,6,any,gross_margin,19,2263.58
purchase,2024-12-01,overall,ALL,7,any,gross_margin,19,2426.89
purchase,2024-12-01,overall,ALL,8,any,gross_margin,19,2644.89
purchase,2024-12-01,overall,ALL,9,any,gross_margin,19,2810.32
purchase,2024-12-01,overall,ALL,10,any,gross_margin,19,2971.26
purchase,2024-12-01,overall,ALL,11,any,gross_margin,19,3174.53
purchase,2024-12-01,overall,ALL,12,any,gross_margin,19,3348.89
purchase,2025-01-01,overall,ALL,0,any,gross_margin,21,542.43
purchase,2025-01-01,overall,ALL,1,any,gross_margin,21,685.57
purchase,2025-01-01,overall,ALL,2,any,gross_margin,21,831.52
purchase,2025-01-01,overall,ALL,3,any,gross_margin,21,900.1
purchase,2025-01-01,overall,ALL,4,any,gross_margin,21,949.57
purchase,2025-01-01,overall,ALL,5,any,gross_margin,21,999.05
purchase,2025-01-01,overall,ALL,6,any,gross_margin,21,1013.29
purchase,2025-01-01,overall,ALL,7,any,gross_margin,21,1067.1
purchase,2025-01-01,overall,ALL,8,any,gross_margin,21,1095.67
purchase,2025-01-01,overall,ALL,9,any,gross_margin,21,1095.67
purchase,2025-01-01,overall,ALL,10,any,gross_margin,21,1114.24
purchase,2025-01-01,overall,ALL,11,any,gross_margin,21,1114.24
purchase,2025-01-01,overall,ALL,12,any,gross_margin,21,1145.69
purchase,2025-02-01,overall,ALL,0,any,gross_margin,16,532.38
purchase,2025-02-01,overall,ALL,1,any,gross_margin,16,882.31
purchase,2025-02-01,overall,ALL,2,any,gross_margin,16,1193.69
purchase,2025-02-01,overall,ALL,3,any,gross_margin,16,1460.81
purchase,2025-02-01,overall,ALL,4,any,gross_margin,16,1677.31
purchase,2025-02-01,overall,ALL,5,any,gross_margin,16,1827.69
purchase,2025-02-01,overall,ALL,6,any,gross_margin,16,2092.25
purchase,2025-02-01,overall,ALL,7,any,gross_margin,16,2246.25
purchase,2025-02-01,overall,ALL,8,any,gross_margin,16,2425.38
purchase,2025-02-01,overall,ALL,9,any,gross_margin,16,2547.0
purchase,2025-02-01,overall,ALL,10,any,gross_margin,16,2700.06
purchase,2025-02-01,overall,ALL,11,any,gross_margin,16,2784.5
purchase,2025-03-01,overall,ALL,0,any,gross_margin,60,494.61
purchase,2025-03-01,overall,ALL,1,any,gross_margin,60,688.2
purchase,2025-03-01,overall,ALL,2,any,gross_margin,60,904.94
purchase,2025-03-01,overall,ALL,3,any,gross_margin,60,1048.19
purchase,2025-03-01,overall,ALL,4,any,gross_margin,60,1204.29
purchase,2025-03-01,overall,ALL,5,any,gross_margin,60,1375.55
purchase,2025-03-01,overall,ALL,6,any,gross_margin,60,1518.42
purchase,2025-03-01,overall,ALL,7,any,gross_margin,60,1654.04
purchase,2025-03-01,overall,ALL,8,any,gross_margin,60,1777.14
purchase,2025-03-01,overall,ALL,9,any,gross_margin,60,1898.11
purchase,2025-03-01,overall,ALL,10,any,gross_margin,60,1970.08
purchase,2025-04-01,overall,ALL,0,any,gross_margin,78,617.41
purchase,2025-04-01,overall,ALL,1,any,gross_margin,78,837.63
purchase,2025-04-01,overall,ALL,2,any,gross_margin,78,1087.03
purchase,2025-04-01,overall,ALL,3,any,gross_margin,78,1410.75
purchase,2025-04-01,overall,ALL,4,any,gross_margin,78,1641.81
purchase,2025-04-01,overall,ALL,5,any,gross_margin,78,1795.9
purchase,2025-04-01,overall,ALL,6,any,gross_margin,78,1987.71
purchase,2025-04-01,overall,ALL,7,any,gross_margin,78,2150.29
purchase,2025-04-01,overall,ALL,8,any,gross_margin,78,2311.06
purchase,2025-04-01,overall,ALL,9,any,gross_margin,78,2467.0
purchase,2025-05-01,overall,ALL,0,any,gross_margin,73,602.07
purchase,2025-05-01,overall,ALL,1,any,gross_margin,73,903.54
purchase,2025-05-01,overall,ALL,2,any,gross_margin,73,1175.97
purchase,2025-05-01,overall,ALL,3,any,gross_margin,73,1425.25
purchase,2025-05-01,overall,ALL,4,any,gross_margin,73,1617.52
purchase,2025-05-01,overall,ALL,5,any,gross_margin,73,1820.6
purchase,2025-05-01,overall,ALL,6,any,gross_margin,73,2038.41
purchase,2025-05-01,overall,ALL,7,any,gross_margin,73,2175.85
purchase,2025-05-01,overall,ALL,8,any,gross_margin,73,2329.93
purchase,2025-06-01,overall,ALL,0,any,gross_margin,75,580.74
purchase,2025-06-01,overall,ALL,1,any,gross_margin,75,793.65
purchase,2025-06-01,overall,ALL,2,any,gross_margin,75,1045.2
purchase,2025-06-01,overall,ALL,3,any,gross_margin,75,1288.11
purchase,2025-06-01,overall,ALL,4,any,gross_margin,75,1446.86
purchase,2025-06-01,overall,ALL,5,any,gross_margin,75,1667.11
purchase,2025-06-01,overall,ALL,6,any,gross_margin,75,1903.42
purchase,2025-06-01,overall,ALL,7,any,gross_margin,75,2028.16
purchase,2025-07-01,overall,ALL,0,any,gross_margin,76,650.37
purchase,2025-07-01,overall,ALL,1,any,gross_margin,76,781.81
purchase,2025-07-01,overall,ALL,2,any,gross_margin,76,971.7
purchase,2025-07-01,overall,ALL,3,any,gross_margin,76,1323.4
purchase,2025-07-01,overall,ALL,4,any,gross_margin,76,1530.92
purchase,2025-07-01,overall,ALL,5,any,gross_margin,76,1683.6
purchase,2025-07-01,overall,ALL,6,any,gross_margin,76,1936.52
purchase,2025-08-01,overall,ALL,0,any,gross_margin,76,662.53
purchase,2025-08-01,overall,ALL,1,any,gross_margin,76,798.61
purchase,2025-08-01,overall,ALL,2,any,gross_margin,76,963.84
purchase,2025-08-01,overall,ALL,3,any,gross_margin,76,1471.37
purchase,2025-08-01,overall,ALL,4,any,gross_margin,76,1639.06
purchase,2025-08-01,overall,ALL,5,any,gross_margin,76,1729.45
purchase,2025-09-01,overall,ALL,0,any,gross_margin,88,565.8
purchase,2025-09-01,overall,ALL,1,any,gross_margin,88,682.41
purchase,2025-09-01,overall,ALL,2,any,gross_margin,88,823.42
purchase,2025-09-01,overall,ALL,3,any,gross_margin,88,1088.31
purchase,2025-09-01,overall,ALL,4,any,gross_margin,88,1182.51
purchase,2025-10-01,overall,ALL,0,any,gross_margin,101,604.75
purchase,2025-10-01,overall,ALL,1,any,gross_margin,101,694.21
purchase,2025-10-01,overall,ALL,2,any,gross_margin,101,849.15
purchase,2025-10-01,overall,ALL,3,any,gross_margin,101,1112.8
purchase,2025-11-01,overall,ALL,0,any,gross_margin,162,429.09
purchase,2025-11-01,overall,ALL,1,any,gross_margin,162,513.92
purchase,2025-11-01,overall,ALL,2,any,gross_margin,162,621.41
purchase,2025-12-01,overall,ALL,0,any,gross_margin,146,457.25
purchase,2025-12-01,overall,ALL,1,any,gross_margin,146,564.85
purchase,2026-01-01,overall,ALL,0,any,gross_margin,165,514.41
purchase,2024-10-01,category,pom hl,0,any,gross_margin,3,549.33
purchase,2024-10-01,category,pom hl,0,same,gross_margin,3,549.33
purchase,2024-10-01,category,pom hl,1,any,gross_margin,3,998.67
purchase,2024-10-01,category,pom hl,1,same,gross_margin,3,998.67
purchase,2024-10-01,category,pom hl,2,any,gross_margin,3,1448.0
purchase,2024-10-01,category,pom hl,2,same,gross_margin,3,1448.0
purchase,2024-10-01,category,pom hl,3,any,gross_margin,3,1897.33
purchase,2024-10-01,category,pom hl,3,same,gross_margin,3,1897.33
purchase,2024-10-01,category,pom hl,4,any,gross_margin,3,2113.67
purchase,2024-10-01,category,pom hl,4,same,gross_margin,3,2113.67
purchase,2024-10-01,category,pom hl,5,any,gross_margin,3,2113.67
purchase,2024-10-01,category,pom hl,5,same,gross_margin,3,2113.67
purchase,2024-10-01,category,pom hl,6,any,gross_margin,3,2113.67
purchase,2024-10-01,category,pom hl,6,same,gross_margin,3,2113.67
purchase,2024-10-01,category,pom hl,7,any,gross_margin,3,2333.0
purchase,2024-10-01,category,pom hl,7,same,gross_margin,3,2333.0
purchase,2024-10-01,category,pom hl,8,any,gross_margin,3,2436.0
purchase,2024-10-01,category,pom hl,8,same,gross_margin,3,2436.0
purchase,2024-10-01,category,pom hl,9,any,gross_margin,3,2539.0
purchase,2024-10-01,category,pom hl,9,same,gross_margin,3,2539.0
purchase,2024-10-01,category,pom hl,10,any,gross_margin,3,2539.0
purchase,2024-10-01,category,pom hl,10,same,gross_margin,3,2539.0
purchase,2024-10-01,category,pom hl,11,any,gross_margin,3,2539.0
purchase,2024-10-01,category,pom hl,11,same,gross_margin,3,2539.0
purchase,2024-10-01,category,pom hl,12,any,gross_margin,3,2539.0
purchase,2024-10-01,category,pom hl,12,same,gross_margin,3,2539.0
purchase,2024-11-01,category,otc sh,0,any,gross_margin,1,160.0
purchase,2024-11-01,category,otc sh,0,same,gross_margin,1,160.0
purchase,2024-11-01,category,otc sh,1,any,gross_margin,1,160.0
purchase,2024-11-01,category,otc sh,1,same,gross_margin,1,160.0
purchase,2024-11-01,category,otc sh,2,any,gross_margin,1,160.0
purchase,2024-11-01,category,otc sh,2,same,gross_margin,1,160.0
purchase,2024-11-01,category,otc sh,3,any,gross_margin,1,160.0
purchase,2024-11-01,category,otc sh,3,same,gross_margin,1,160.0
purchase,2024-11-01,category,otc sh,4,any,gross_margin,1,160.0
purchase,2024-11-01,category,otc sh,4,same,gross_margin,1,160.0
purchase,2024-11-01,category,otc sh,5,any,gross_margin,1,160.0
purchase,2024-11-01,category,otc sh,5,same,gross_margin,1,160.0
purchase,2024-11-01,category,otc sh,6,any,gross_margin,1,160.0
purchase,2024-11-01,category,otc sh,6,same,gross_margin,1,160.0
purchase,2024-11-01,category,otc sh,7,any,gross_margin,1,160.0
purchase,2024-11-01,category,otc sh,7,same,gross_margin,1,160.0
purchase,2024-11-01,category,otc sh,8,any,gross_margin,1,160.0
purchase,2024-11-01,category,otc sh,8,same,gross_margin,1,160.0
purchase,2024-11-01,category,otc sh,9,any,gross_margin,1,160.0
purchase,2024-11-01,category,otc sh,9,same,gross_margin,1,160.0
purchase,2024-11-01,category,otc sh,10,any,gross_margin,1,160.0
purchase,2024-11-01,category,otc sh,10,same,gross_margin,1,160.0
purchase,2024-11-01,category,otc sh,11,any,gross_margin,1,160.0
purchase,2024-11-01,category,otc sh,11,same,gross_margin,1,160.0
purchase,2024-11-01,category,otc sh,12,any,gross_margin,1,160.0
purchase,2024-11-01,category,otc sh,12,same,gross_margin,1,160.0
purchase,2024-11-01,category,pom hl,0,any,gross_margin,3,429.0
purchase,2024-11-01,category,pom hl,0,same,gross_margin,3,429.0
purchase,2024-11-01,category,pom hl,1,any,gross_margin,3,765.0
purchase,2024-11-01,category,pom hl,1,same,gross_margin,3,713.5
purchase,2024-11-01,category,pom hl,2,any,gross_margin,3,868.0
purchase,2024-11-01,category,pom hl,2,same,gross_margin,3,816.5
purchase,2024-11-01,category,pom hl,3,any,gross_margin,3,971.0
purchase,2024-11-01,category,pom hl,3,same,gross_margin,3,919.5
purchase,2024-11-01,category,pom hl,4,any,gross_margin,3,1074.0
purchase,2024-11-01,category,pom hl,4,same,gross_margin,3,1022.5
purchase,2024-11-01,category,pom hl,5,any,gross_margin,3,1177.0
purchase,2024-11-01,category,pom hl,5,same,gross_margin,3,1125.5
purchase,2024-11-01,category,pom hl,6,any,gross_margin,3,1280.0
purchase,2024-11-01,category,pom hl,6,same,gross_margin,3,1228.5
purchase,2024-11-01,category,pom hl,7,any,gross_margin,3,1280.0
purchase,2024-11-01,category,pom hl,7,same,gross_margin,3,1228.5
purchase,2024-11-01,category,pom hl,8,any,gross_margin,3,1383.0
purchase,2024-11-01,category,pom hl,8,same,gross_margin,3,1331.5
purchase,2024-11-01,category,pom hl,9,any,gross_margin,3,1486.0
purchase,2024-11-01,category,pom hl,9,same,gross_margin,3,1434.5
purchase,2024-11-01,category,pom hl,10,any,gross_margin,3,1589.0
purchase,2024-11-01,category,pom hl,10,same,gross_margin,3,1537.5
purchase,2024-11-01,category,pom hl,11,any,gross_margin,3,1795.0
purchase,2024-11-01,category,pom hl,11,same,gross_margin,3,1743.5
purchase,2024-11-01,category,pom hl,12,any,gross_margin,3,1898.0
purchase,2024-11-01,category,pom hl,12,same,gross_margin,3,1846.5
purchase,2024-11-01,category,pom sh,0,any,gross_margin,1,480.0
purchase,2024-11-01,category,pom sh,0,same,gross_margin,1,480.0
purchase,2024-11-01,category,pom sh,1,any,gross_margin,1,480.0
purchase,2024-11-01,category,pom sh,1,same,gross_margin,1,480.0
purchase,2024-11-01,category,pom sh,2,any,gross_margin,1,480.0
purchase,2024-11-01,category,pom sh,2,same,gross_margin,1,480.0
purchase,2024-11-01,category,pom sh,3,any,gross_margin,1,480.0
purchase,2024-11-01,category,pom sh,3,same,gross_margin,1,480.0
purchase,2024-11-01,category,pom sh,4,any,gross_margin,1,480.0
purchase,2024-11-01,category,pom sh,4,same,gross_margin,1,480.0
purchase,2024-11-01,category,pom sh,5,any,gross_margin,1,480.0
purchase,2024-11-01,category,pom sh,5,same,gross_margin,1,480.0
purchase,2024-11-01,category,pom sh,6,any,gross_margin,1,480.0
purchase,2024-11-01,category,pom sh,6,same,gross_margin,1,480.0
purchase,2024-11-01,category,pom sh,7,any,gross_margin,1,480.0
purchase,2024-11-01,category,pom sh,7,same,gross_margin,1,480.0
purchase,2024-11-01,category,pom sh,8,any,gross_margin,1,480.0
purchase,2024-11-01,category,pom sh,8,same,gross_margin,1,480.0
purchase,2024-11-01,category,pom sh,9,any,gross_margin,1,480.0
purchase,2024-11-01,category,pom sh,9,same,gross_margin,1,480.0
purchase,2024-11-01,category,pom sh,10,any,gross_margin,1,480.0
purchase,2024-11-01,category,pom sh,10,same,gross_margin,1,480.0
purchase,2024-11-01,category,pom sh,11,any,gross_margin,1,480.0
purchase,2024-11-01,category,pom sh,11,same,gross_margin,1,480.0
purchase,2024-11-01,category,pom sh,12,any,gross_margin,1,480.0
purchase,2024-11-01,category,pom sh,12,same,gross_margin,1,480.0
purchase,2024-12-01,category,pom hl,0,any,gross_margin,14,606.79
purchase,2024-12-01,category,pom hl,0,same,gross_margin,14,606.79
purchase,2024-12-01,category,pom hl,1,any,gross_margin,14,981.07
purchase,2024-12-01,category,pom hl,1,same,gross_margin,14,981.07
purchase,2024-12-01,category,pom hl,2,any,gross_margin,14,1435.14
purchase,2024-12-01,category,pom hl,2,same,gross_margin,14,1415.93
purchase,2024-12-01,category,pom hl,3,any,gross_margin,14,1803.71
purchase,2024-12-01,category,pom hl,3,same,gross_margin,14,1762.75
purchase,2024-12-01,category,pom hl,4,any,gross_margin,14,2104.5
purchase,2024-12-01,category,pom hl,4,same,gross_margin,14,2063.54
purchase,2024-12-01,category,pom hl,5,any,gross_margin,14,2394.64
purchase,2024-12-01,category,pom hl,5,same,gross_margin,14,2353.68
purchase,2024-12-01,category,pom hl,6,any,gross_margin,14,2598.43
purchase,2024-12-01,category,pom hl,6,same,gross_margin,14,2557.46
purchase,2024-12-01,category,pom hl,7,any,gross_margin,14,2820.07
purchase,2024-12-01,category,pom hl,7,same,gross_margin,14,2779.11
purchase,2024-12-01,category,pom hl,8,any,gross_margin,14,3115.93
purchase,2024-12-01,category,pom hl,8,same,gross_margin,14,3047.11
purchase,2024-12-01,category,pom hl,9,any,gross_margin,14,3340.43
purchase,2024-12-01,category,pom hl,9,same,gross_margin,14,3271.61
purchase,2024-12-01,category,pom hl,10,any,gross_margin,14,3558.86
purchase,2024-12-01,category,pom hl,10,same,gross_margin,14,3456.18
purchase,2024-12-01,category,pom hl,11,any,gross_margin,14,3834.71
purchase,2024-12-01,category,pom hl,11,same,gross_margin,14,3732.04
purchase,2024-12-01,category,pom hl,12,any,gross_margin,14,4071.36
purchase,2024-12-01,category,pom hl,12,same,gross_margin,14,3968.68
purchase,2024-12-01,category,pom sh,0,any,gross_margin,5,462.0
purchase,2024-12-01,category,pom sh,0,same,gross_margin,5,462.0
purchase,2024-12-01,category,pom sh,1,any,gross_margin,5,696.0
purchase,2024-12-01,category,pom sh,1,same,gross_margin,5,544.0
purchase,2024-12-01,category,pom sh,2,any,gross_margin,5,906.0
purchase,2024-12-01,category,pom sh,2,same,gross_margin,5,684.0
purchase,2024-12-01,category,pom sh,3,any,gross_margin,5,1046.0
purchase,2024-12-01,category,pom sh,3,same,gross_margin,5,824.0
purchase,2024-12-01,category,pom sh,4,any,gross_margin,5,1256.0
purchase,2024-12-01,category,pom sh,4,same,gross_margin,5,964.0
purchase,2024-12-01,category,pom sh,5,any,gross_margin,5,1326.0
purchase,2024-12-01,category,pom sh,5,same,gross_margin,5,964.0
purchase,2024-12-01,category,pom sh,6,any,gross_margin,5,1326.0
purchase,2024-12-01,category,pom sh,6,same,gross_margin,5,964.0
purchase,2024-12-01,category,pom sh,7,any,gross_margin,5,1326.0
purchase,2024-12-01,category,pom sh,7,same,gross_margin,5,964.0
purchase,2024-12-01,category,pom sh,8,any,gross_margin,5,1326.0
purchase,2024-12-01,category,pom sh,8,same,gross_margin,5,964.0
purchase,2024-12-01,category,pom sh,9,any,gross_margin,5,1326.0
purchase,2024-12-01,category,pom sh,9,same,gross_margin,5,964.0
purchase,2024-12-01,category,pom sh,10,any,gross_margin,5,1326.0
purchase,2024-12-01,category,pom sh,10,same,gross_margin,5,964.0
purchase,2024-12-01,category,pom sh,11,any,gross_margin,5,1326.0
purchase,2024-12-01,category,pom sh,11,same,gross_margin,5,964.0
purchase,2024-12-01,category,pom sh,12,any,gross_margin,5,1326.0
purchase,2024-12-01,category,pom sh,12,same,gross_margin,5,964.0
purchase,2025-01-01,category,otc hl,0,any,gross_margin,1,868.0
purchase,2025-01-01,category,otc hl,0,same,gross_margin,1,434.0
purchase,2025-01-01,category,otc hl,1,any,gross_margin,1,868.0
purchase,2025-01-01,category,otc hl,1,same,gross_margin,1,434.0
purchase,2025-01-01,category,otc hl,2,any,gross_margin,1,868.0
purchase,2025-01-01,category,otc hl,2,same,gross_margin,1,434.0
purchase,2025-01-01,category,otc hl,3,any,gross_margin,1,868.0
purchase,2025-01-01,category,otc hl,3,same,gross_margin,1,434.0
purchase,2025-01-01,category,otc hl,4,any,gross_margin,1,868.0
purchase,2025-01-01,category,otc hl,4,same,gross_margin,1,434.0
purchase,2025-01-01,category,otc hl,5,any,gross_margin,1,868.0
purchase,2025-01-01,category,otc hl,5,same,gross_margin,1,434.0
purchase,2025-01-01,category,otc hl,6,any,gross_margin,1,868.0
purchase,2025-01-01,category,otc hl,6,same,gross_margin,1,434.0
purchase,2025-01-01,category,otc hl,7,any,gross_margin,1,868.0
purchase,2025-01-01,category,otc hl,7,same,gross_margin,1,434.0
purchase,2025-01-01,category,otc hl,8,any,gross_margin,1,868.0
purchase,2025-01-01,category,otc hl,8,same,gross_margin,1,434.0
purchase,2025-01-01,category,otc hl,9,any,gross_margin,1,868.0
purchase,2025-01-01,category,otc hl,9,same,gross_margin,1,434.0
purchase,2025-01-01,category,otc hl,10,any,gross_margin,1,868.0
purchase,2025-01-01,category,otc hl,10,same,gross_margin,1,434.0
purchase,2025-01-01,category,otc hl,11,any,gross_margin,1,868.0
purchase,2025-01-01,category,otc hl,11,same,gross_margin,1,434.0
purchase,2025-01-01,category,otc hl,12,any,gross_margin,1,868.0
purchase,2025-01-01,category,otc hl,12,same,gross_margin,1,434.0
purchase,2025-01-01,category,otc sh,0,any,gross_margin,1,280.0
purchase,2025-01-01,category,otc sh,0,same,gross_margin,1,280.0
purchase,2025-01-01,category,otc sh,1,any,gross_margin,1,280.0
purchase,2025-01-01,category,otc sh,1,same,gross_margin,1,280.0
purchase,2025-01-01,category,otc sh,2,any,gross_margin,1,280.0
purchase,2025-01-01,category,otc sh,2,same,gross_margin,1,280.0
purchase,2025-01-01,category,otc sh,3,any,gross_margin,1,280.0
purchase,2025-01-01,category,otc sh,3,same,gross_margin,1,280.0
purchase,2025-01-01,category,otc sh,4,any,gross_margin,1,280.0
purchase,2025-01-01,category,otc sh,4,same,gross_margin,1,280.0
purchase,2025-01-01,category,otc sh,5,any,gross_margin,1,280.0
purchase,2025-01-01,category,otc sh,5,same,gross_margin,1,280.0
purchase,2025-01-01,category,otc sh,6,any,gross_margin,1,280.0
purchase,2025-01-01,category,otc sh,6,same,gross_margin,1,280.0
purchase,2025-01-01,category,otc sh,7,any,gross_margin,1,280.0
purchase,2025-01-01,category,otc sh,7,same,gross_margin,1,280.0
purchase,2025-01-01,category,otc sh,8,any,gross_margin,1,280.0
purchase,2025-01-01,category,otc sh,8,same,gross_margin,1,280.0
purchase,2025-01-01,category,otc sh,9,any,gross_margin,1,280.0
purchase,2025-01-01,category,otc sh,9,same,gross_margin,1,280.0
purchase,2025-01-01,category,otc sh,10,any,gross_margin,1,280.0
purchase,2025-01-01,category,otc sh,10,same,gross_margin,1,280.0
purchase,2025-01-01,category,otc sh,11,any,gross_margin,1,280.0
purchase,2025-01-01,category,otc sh,11,same,gross_margin,1,280.0
purchase,2025-01-01,category,otc sh,12,any,gross_margin,1,280.0
purchase,2025-01-01,category,otc sh,12,same,gross_margin,1,280.0
purchase,2025-01-01,category,otc sk,0,any,gross_margin,2,469.5
purchase,2025-01-01,category,otc sk,0,same,gross_margin,2,469.5
purchase,2025-01-01,category,otc sk,1,any,gross_margin,2,469.5
purchase,2025-01-01,category,otc sk,1,same,gross_margin,2,469.5
purchase,2025-01-01,category,otc sk,2,any,gross_margin,2,694.0
purchase,2025-01-01,category,otc sk,2,same,gross_margin,2,694.0
purchase,2025-01-01,category,otc sk,3,any,gross_margin,2,694.0
purchase,2025-01-01,category,otc sk,3,same,gross_margin,2,694.0
purchase,2025-01-01,category,otc sk,4,any,gross_margin,2,694.0
purchase,2025-01-01,category,otc sk,4,same,gross_margin,2,694.0
purchase,2025-01-01,category,otc sk,5,any,gross_margin,2,694.0
purchase,2025-01-01,category,otc sk,5,same,gross_margin,2,694.0
purchase,2025-01-01,category,otc sk,6,any,gross_margin,2,694.0
purchase,2025-01-01,category,otc sk,6,same,gross_margin,2,694.0
purchase,2025-01-01,category,otc sk,7,any,gross_margin,2,694.0
purchase,2025-01-01,category,otc sk,7,same,gross_margin,2,694.0
purchase,2025-01-01,category,otc sk,8,any,gross_margin,2,694.0
purchase,2025-01-01,category,otc sk,8,same,gross_margin,2,694.0
purchase,2025-01-01,category,otc sk,9,any,gross_margin,2,694.0
purchase,2025-01-01,category,otc sk,9,same,gross_margin,2,694.0
purchase,2025-01-01,category,otc sk,10,any,gross_margin,2,694.0
purchase,2025-01-01,category,otc sk,10,same,gross_margin,2,694.0
purchase,2025-01-01,category,otc sk,11,any,gross_margin,2,694.0
purchase,2025-01-01,category,otc sk,11,same,gross_margin,2,694.0
purchase,2025-01-01,category,otc sk,12,any,gross_margin,2,694.0
purchase,2025-01-01,category,otc sk,12,same,gross_margin,2,694.0
purchase,2025-01-01,category,pom hl,0,any,gross_margin,6,746.0
purchase,2025-01-01,category,pom hl,0,same,gross_margin,6,629.33
purchase,2025-01-01,category,pom hl,1,any,gross_margin,6,1182.0
purchase,2025-01-01,category,pom hl,1,same,gross_margin,6,948.67
purchase,2025-01-01,category,pom hl,2,any,gross_margin,6,1618.0
purchase,2025-01-01,category,pom hl,2,same,gross_margin,6,1268.0
purchase,2025-01-01,category,pom hl,3,any,gross_margin,6,1793.0
purchase,2025-01-01,category,pom hl,3,same,gross_margin,6,1326.33
purchase,2025-01-01,category,pom hl,4,any,gross_margin,6,1966.17
purchase,2025-01-01,category,pom hl,4,same,gross_margin,6,1382.83
purchase,2025-01-01,category,pom hl,5,any,gross_margin,6,2074.33
purchase,2025-01-01,category,pom hl,5,same,gross_margin,6,1491.0
purchase,2025-01-01,category,pom hl,6,any,gross_margin,6,2124.17
purchase,2025-01-01,category,pom hl,6,same,gross_margin,6,1540.83
purchase,2025-01-01,category,pom hl,7,any,gross_margin,6,2182.5
purchase,2025-01-01,category,pom hl,7,same,gross_margin,6,1599.17
purchase,2025-01-01,category,pom hl,8,any,gross_margin,6,2282.5
purchase,2025-01-01,category,pom hl,8,same,gross_margin,6,1699.17
purchase,2025-01-01,category,pom hl,9,any,gross_margin,6,2282.5
purchase,2025-01-01,category,pom hl,9,same,gross_margin,6,1699.17
purchase,2025-01-01,category,pom hl,10,any,gross_margin,6,2282.5
purchase,2025-01-01,category,pom hl,10,same,gross_margin,6,1699.17
purchase,2025-01-01,category,pom hl,11,any,gross_margin,6,2282.5
purchase,2025-01-01,category,pom hl,11,same,gross_margin,6,1699.17
purchase,2025-01-01,category,pom hl,12,any,gross_margin,6,2392.58
purchase,2025-01-01,category,pom hl,12,same,gross_margin,6,1754.2
purchase,2025-01-01,category,pom sh,0,any,gross_margin,11,438.91
purchase,2025-01-01,category,pom sh,0,same,gross_margin,11,352.64
purchase,2025-01-01,category,pom sh,1,any,gross_margin,11,474.36
purchase,2025-01-01,category,pom sh,1,same,gross_margin,11,388.09
purchase,2025-01-01,category,pom sh,2,any,gross_margin,11,474.36
purchase,2025-01-01,category,pom sh,2,same,gross_margin,11,388.09
purchase,2025-01-01,category,pom sh,3,any,gross_margin,11,509.82
purchase,2025-01-01,category,pom sh,3,same,gross_margin,11,423.55
purchase,2025-01-01,category,pom sh,4,any,gross_margin,11,509.82
purchase,2025-01-01,category,pom sh,4,same,gross_margin,11,423.55
purchase,2025-01-01,category,pom sh,5,any,gross_margin,11,545.27
purchase,2025-01-01,category,pom sh,5,same,gross_margin,11,459.0
purchase,2025-01-01,category,pom sh,6,any,gross_margin,11,545.27
purchase,2025-01-01,category,pom sh,6,same,gross_margin,11,459.0
purchase,2025-01-01,category,pom sh,7,any,gross_margin,11,616.18
purchase,2025-01-01,category,pom sh,7,same,gross_margin,11,529.91
purchase,2025-01-01,category,pom sh,8,any,gross_margin,11,616.18
purchase,2025-01-01,category,pom sh,8,same,gross_margin,11,529.91
purchase,2025-01-01,category,pom sh,9,any,gross_margin,11,616.18
purchase,2025-01-01,category,pom sh,9,same,gross_margin,11,529.91
purchase,2025-01-01,category,pom sh,10,any,gross_margin,11,651.64
purchase,2025-01-01,category,pom sh,10,same,gross_margin,11,565.36
purchase,2025-01-01,category,pom sh,11,any,gross_margin,11,651.64
purchase,2025-01-01,category,pom sh,11,same,gross_margin,11,565.36
purchase,2025-01-01,category,pom sh,12,any,gross_margin,11,651.64
purchase,2025-01-01,category,pom sh,12,same,gross_margin,11,565.36
purchase,2025-02-01,category,pom hl,0,any,gross_margin,11,572.55
purchase,2025-02-01,category,pom hl,0,same,gross_margin,11,572.55
purchase,2025-02-01,category,pom hl,1,any,gross_margin,11,1049.73
purchase,2025-02-01,category,pom hl,1,same,gross_margin,11,1049.73
purchase,2025-02-01,category,pom hl,2,any,gross_margin,11,1470.82
purchase,2025-02-01,category,pom hl,2,same,gross_margin,11,1470.82
purchase,2025-02-01,category,pom hl,3,any,gross_margin,11,1827.55
purchase,2025-02-01,category,pom hl,3,same,gross_margin,11,1827.55
purchase,2025-02-01,category,pom hl,4,any,gross_margin,11,2142.45
purchase,2025-02-01,category,pom hl,4,same,gross_margin,11,2142.45
purchase,2025-02-01,category,pom hl,5,any,gross_margin,11,2293.91
purchase,2025-02-01,category,pom hl,5,same,gross_margin,11,2293.91
purchase,2025-02-01,category,pom hl,6,any,gross_margin,11,2678.73
purchase,2025-02-01,category,pom hl,6,same,gross_margin,11,2678.73
purchase,2025-02-01,category,pom hl,7,any,gross_margin,11,2902.73
purchase,2025-02-01,category,pom hl,7,same,gross_margin,11,2890.09
purchase,2025-02-01,category,pom hl,8,any,gross_margin,11,3122.36
purchase,2025-02-01,category,pom hl,8,same,gross_margin,11,3109.73
purchase,2025-02-01,category,pom hl,9,any,gross_margin,11,3287.55
purchase,2025-02-01,category,pom hl,9,same,gross_margin,11,3274.91
purchase,2025-02-01,category,pom hl,10,any,gross_margin,11,3510.18
purchase,2025-02-01,category,pom hl,10,same,gross_margin,11,3497.54
purchase,2025-02-01,category,pom hl,11,any,gross_margin,11,3570.0
purchase,2025-02-01,category,pom hl,11,same,gross_margin,11,3557.36
purchase,2025-02-01,category,pom sh,0,any,gross_margin,5,444.0
purchase,2025-02-01,category,pom sh,0,same,gross_margin,5,444.0
purchase,2025-02-01,category,pom sh,1,any,gross_margin,5,514.0
purchase,2025-02-01,category,pom sh,1,same,gross_margin,5,514.0
purchase,2025-02-01,category,pom sh,2,any,gross_margin,5,584.0
purchase,2025-02-01,category,pom sh,2,same,gross_margin,5,584.0
purchase,2025-02-01,category,pom sh,3,any,gross_margin,5,654.0
purchase,2025-02-01,category,pom sh,3,same,gross_margin,5,654.0
purchase,2025-02-01,category,pom sh,4,any,gross_margin,5,654.0
purchase,2025-02-01,category,pom sh,4,same,gross_margin,5,654.0
purchase,2025-02-01,category,pom sh,5,any,gross_margin,5,802.0
purchase,2025-02-01,category,pom sh,5,same,gross_margin,5,802.0
purchase,2025-02-01,category,pom sh,6,any,gross_margin,5,802.0
purchase,2025-02-01,category,pom sh,6,same,gross_margin,5,802.0
purchase,2025-02-01,category,pom sh,7,any,gross_margin,5,802.0
purchase,2025-02-01,category,pom sh,7,same,gross_margin,5,802.0
purchase,2025-02-01,category,pom sh,8,any,gross_margin,5,892.0
purchase,2025-02-01,category,pom sh,8,same,gross_margin,5,892.0
purchase,2025-02-01,category,pom sh,9,any,gross_margin,5,917.8
purchase,2025-02-01,category,pom sh,9,same,gross_margin,5,892.0
purchase,2025-02-01,category,pom sh,10,any,gross_margin,5,917.8
purchase,2025-02-01,category,pom sh,10,same,gross_margin,5,892.0
purchase,2025-02-01,category,pom sh,11,any,gross_margin,5,1056.4
purchase,2025-02-01,category,pom sh,11,same,gross_margin,5,1030.6
purchase,2025-03-01,category,otc hl,0,any,gross_margin,8,172.62
purchase,2025-03-01,category,otc hl,0,same,gross_margin,8,143.38
purchase,2025-03-01,category,otc hl,1,any,gross_margin,8,172.62
purchase,2025-03-01,category,otc hl,1,same,gross_margin,8,143.38
purchase,2025-03-01,category,otc hl,2,any,gross_margin,8,172.62
purchase,2025-03-01,category,otc hl,2,same,gross_margin,8,143.38
purchase,2025-03-01,category,otc hl,3,any,gross_margin,8,172.62
purchase,2025-03-01,category,otc hl,3,same,gross_margin,8,143.38
purchase,2025-03-01,category,otc hl,4,any,gross_margin,8,172.62
purchase,2025-03-01,category,otc hl,4,same,gross_margin,8,143.38
purchase,2025-03-01,category,otc hl,5,any,gross_margin,8,172.62
purchase,2025-03-01,category,otc hl,5,same,gross_margin,8,143.38
purchase,2025-03-01,category,otc hl,6,any,gross_margin,8,187.5
purchase,2025-03-01,category,otc hl,6,same,gross_margin,8,158.25
purchase,2025-03-01,category,otc hl,7,any,gross_margin,8,187.5
purchase,2025-03-01,category,otc hl,7,same,gross_margin,8,158.25
purchase,2025-03-01,category,otc hl,8,any,gross_margin,8,187.5
purchase,2025-03-01,category,otc hl,8,same,gross_margin,8,158.25
purchase,2025-03-01,category,otc hl,9,any,gross_margin,8,210.38
purchase,2025-03-01,category,otc hl,9,same,gross_margin,8,181.13
purchase,2025-03-01,category,otc hl,10,any,gross_margin,8,210.38
purchase,2025-03-01,category,otc hl,10,same,gross_margin,8,181.13
purchase,2025-03-01,category,pom hl,0,any,gross_margin,46,558.53
purchase,2025-03-01,category,pom hl,0,same,gross_margin,46,448.96
purchase,2025-03-01,category,pom hl,1,any,gross_margin,46,785.93
purchase,2025-03-01,category,pom hl,1,same,gross_margin,46,665.77
purchase,2025-03-01,category,pom hl,2,any,gross_margin,46,1058.85
purchase,2025-03-01,category,pom hl,2,same,gross_margin,46,938.68
purchase,2025-03-01,category,pom hl,3,any,gross_margin,46,1228.2
purchase,2025-03-01,category,pom hl,3,same,gross_margin,46,1108.04
purchase,2025-03-01,category,pom hl,4,any,gross_margin,46,1422.03
purchase,2025-03-01,category,pom hl,4,same,gross_margin,46,1300.15
purchase,2025-03-01,category,pom hl,5,any,gross_margin,46,1618.23
purchase,2025-03-01,category,pom hl,5,same,gross_margin,46,1493.55
purchase,2025-03-01,category,pom hl,6,any,gross_margin,46,1792.22
purchase,2025-03-01,category,pom hl,6,same,gross_margin,46,1667.53
purchase,2025-03-01,category,pom hl,7,any,gross_margin,46,1959.33
purchase,2025-03-01,category,pom hl,7,same,gross_margin,46,1811.08
purchase,2025-03-01,category,pom hl,8,any,gross_margin,46,2110.12
purchase,2025-03-01,category,pom hl,8,same,gross_margin,46,1957.63
purchase,2025-03-01,category,pom hl,9,any,gross_margin,46,2243.37
purchase,2025-03-01,category,pom hl,9,same,gross_margin,46,2085.49
purchase,2025-03-01,category,pom hl,10,any,gross_margin,46,2327.46
purchase,2025-03-01,category,pom hl,10,same,gross_margin,46,2169.58
purchase,2025-03-01,category,pom sh,0,any,gross_margin,6,433.85
purchase,2025-03-01,category,pom sh,0,same,gross_margin,6,398.1
purchase,2025-03-01,category,pom sh,1,any,gross_margin,6,626.35
purchase,2025-03-01,category,pom sh,1,same,gross_margin,6,590.6
purchase,2025-03-01,category,pom sh,2,any,gross_margin,6,701.35
purchase,2025-03-01,category,pom sh,2,same,gross_margin,6,665.6
purchase,2025-03-01,category,pom sh,3,any,gross_margin,6,835.52
purchase,2025-03-01,category,pom sh,3,same,gross_margin,6,799.77
purchase,2025-03-01,category,pom sh,4,any,gross_margin,6,910.52
purchase,2025-03-01,category,pom sh,4,same,gross_margin,6,874.77
purchase,2025-03-01,category,pom sh,5,any,gross_margin,6,1118.85
purchase,2025-03-01,category,pom sh,5,same,gross_margin,6,1083.1
purchase,2025-03-01,category,pom sh,6,any,gross_margin,6,1193.85
purchase,2025-03-01,category,pom sh,6,same,gross_margin,6,1158.1
purchase,2025-03-01,category,pom sh,7,any,gross_margin,6,1268.85
purchase,2025-03-01,category,pom sh,7,same,gross_margin,6,1233.1
purchase,2025-03-01,category,pom sh,8,any,gross_margin,6,1343.85
purchase,2025-03-01,category,pom sh,8,same,gross_margin,6,1308.1
purchase,2025-03-01,category,pom sh,9,any,gross_margin,6,1501.41
purchase,2025-03-01,category,pom sh,9,same,gross_margin,6,1465.66
purchase,2025-03-01,category,pom sh,10,any,gross_margin,6,1576.41
purchase,2025-03-01,category,pom sh,10,same,gross_margin,6,1465.66
purchase,2025-04-01,category,otc hl,0,any,gross_margin,2,149.0
purchase,2025-04-01,category,otc hl,0,same,gross_margin,2,149.0
purchase,2025-04-01,category,otc hl,1,any,gross_margin,2,149.0
purchase,2025-04-01,category,otc hl,1,same,gross_margin,2,149.0
purchase,2025-04-01,category,otc hl,2,any,gross_margin,2,149.0
purchase,2025-04-01,category,otc hl,2,same,gross_margin,2,149.0
purchase,2025-04-01,category,otc hl,3,any,gross_margin,2,149.0
purchase,2025-04-01,category,otc hl,3,same,gross_margin,2,149.0
purchase,2025-04-01,category,otc hl,4,any,gross_margin,2,149.0
purchase,2025-04-01,category,otc hl,4,same,gross_margin,2,149.0
purchase,2025-04-01,category,otc hl,5,any,gross_margin,2,149.0
purchase,2025-04-01,category,otc hl,5,same,gross_margin,2,149.0
purchase,2025-04-01,category,otc hl,6,any,gross_margin,2,149.0
purchase,2025-04-01,category,otc hl,6,same,gross_margin,2,149.0
purchase,2025-04-01,category,otc hl,7,any,gross_margin,2,149.0
purchase,2025-04-01,category,otc hl,7,same,gross_margin,2,149.0
purchase,2025-04-01,category,otc hl,8,any,gross_margin,2,149.0
purchase,2025-04-01,category,otc hl,8,same,gross_margin,2,149.0
purchase,2025-04-01,category,otc hl,9,any,gross_margin,2,149.0
purchase,2025-04-01,category,otc hl,9,same,gross_margin,2,149.0
purchase,2025-04-01,category,otc sh,0,any,gross_margin,1,409.0
purchase,2025-04-01,category,otc sh,0,same,gross_margin,1,204.5
purchase,2025-04-01,category,otc sh,1,any,gross_margin,1,409.0
purchase,2025-04-01,category,otc sh,1,same,gross_margin,1,204.5
purchase,2025-04-01,category,otc sh,2,any,gross_margin,1,409.0
purchase,2025-04-01,category,otc sh,2,same,gross_margin,1,204.5
purchase,2025-04-01,category,otc sh,3,any,gross_margin,1,409.0
purchase,2025-04-01,category,otc sh,3,same,gross_margin,1,204.5
purchase,2025-04-01,category,otc sh,4,any,gross_margin,1,409.0
purchase,2025-04-01,category,otc sh,4,same,gross_margin,1,204.5
purchase,2025-04-01,category,otc sh,5,any,gross_margin,1,409.0
purchase,2025-04-01,category,otc sh,5,same,gross_margin,1,204.5
purchase,2025-04-01,category,otc sh,6,any,gross_margin,1,409.0
purchase,2025-04-01,category,otc sh,6,same,gross_margin,1,204.5
purchase,2025-04-01,category,otc sh,7,any,gross_margin,1,409.0
purchase,2025-04-01,category,otc sh,7,same,gross_margin,1,204.5
purchase,2025-04-01,category,otc sh,8,any,gross_margin,1,409.0
purchase,2025-04-01,category,otc sh,8,same,gross_margin,1,204.5
purchase,2025-04-01,category,otc sh,9,any,gross_margin,1,409.0
purchase,2025-04-01,category,otc sh,9,same,gross_margin,1,204.5
purchase,2025-04-01,category,pom hl,0,any,gross_margin,71,645.22
purchase,2025-04-01,category,pom hl,0,same,gross_margin,71,586.28
purchase,2025-04-01,category,pom hl,1,any,gross_margin,71,887.15
purchase,2025-04-01,category,pom hl,1,same,gross_margin,71,820.64
purchase,2025-04-01,category,pom hl,2,any,gross_margin,71,1161.14
purchase,2025-04-01,category,pom hl,2,same,gross_margin,71,1086.88
purchase,2025-04-01,category,pom hl,3,any,gross_margin,71,1516.78
purchase,2025-04-01,category,pom hl,3,same,gross_margin,71,1418.96
purchase,2025-04-01,category,pom hl,4,any,gross_margin,71,1770.63
purchase,2025-04-01,category,pom hl,4,same,gross_margin,71,1670.29
purchase,2025-04-01,category,pom hl,5,any,gross_margin,71,1939.91
purchase,2025-04-01,category,pom hl,5,same,gross_margin,71,1839.57
purchase,2025-04-01,category,pom hl,6,any,gross_margin,71,2145.13
purchase,2025-04-01,category,pom hl,6,same,gross_margin,71,2036.43
purchase,2025-04-01,category,pom hl,7,any,gross_margin,71,2323.74
purchase,2025-04-01,category,pom hl,7,same,gross_margin,71,2215.03
purchase,2025-04-01,category,pom hl,8,any,gross_margin,71,2500.36
purchase,2025-04-01,category,pom hl,8,same,gross_margin,71,2391.65
purchase,2025-04-01,category,pom hl,9,any,gross_margin,71,2671.68
purchase,2025-04-01,category,pom hl,9,same,gross_margin,71,2556.25
purchase,2025-04-01,category,pom sh,0,any,gross_margin,4,410.0
purchase,2025-04-01,category,pom sh,0,same,gross_margin,4,410.0
purchase,2025-04-01,category,pom sh,1,any,gross_margin,4,410.0
purchase,2025-04-01,category,pom sh,1,same,gross_margin,4,410.0
purchase,2025-04-01,category,pom sh,2,any,gross_margin,4,410.0
purchase,2025-04-01,category,pom sh,2,same,gross_margin,4,410.0
purchase,2025-04-01,category,pom sh,3,any,gross_margin,4,410.0
purchase,2025-04-01,category,pom sh,3,same,gross_margin,4,410.0
purchase,2025-04-01,category,pom sh,4,any,gross_margin,4,410.0
purchase,2025-04-01,category,pom sh,4,same,gross_margin,4,410.0
purchase,2025-04-01,category,pom sh,5,any,gross_margin,4,410.0
purchase,2025-04-01,category,pom sh,5,same,gross_margin,4,410.0
purchase,2025-04-01,category,pom sh,6,any,gross_margin,4,507.5
purchase,2025-04-01,category,pom sh,6,same,gross_margin,4,507.5
purchase,2025-04-01,category,pom sh,7,any,gross_margin,4,507.5
purchase,2025-04-01,category,pom sh,7,same,gross_margin,4,507.5
purchase,2025-04-01,category,pom sh,8,any,gross_margin,4,507.5
purchase,2025-04-01,category,pom sh,8,same,gross_margin,4,507.5
purchase,2025-04-01,category,pom sh,9,any,gross_margin,4,507.5
purchase,2025-04-01,category,pom sh,9,same,gross_margin,4,507.5
purchase,2025-05-01,category,otc hl,0,any,gross_margin,2,188.5
purchase,2025-05-01,category,otc hl,0,same,gross_margin,2,188.5
purchase,2025-05-01,category,otc hl,1,any,gross_margin,2,358.0
purchase,2025-05-01,category,otc hl,1,same,gross_margin,2,188.5
purchase,2025-05-01,category,otc hl,2,any,gross_margin,2,527.5
purchase,2025-05-01,category,otc hl,2,same,gross_margin,2,188.5
purchase,2025-05-01,category,otc hl,3,any,gross_margin,2,697.0
purchase,2025-05-01,category,otc hl,3,same,gross_margin,2,188.5
purchase,2025-05-01,category,otc hl,4,any,gross_margin,2,866.5
purchase,2025-05-01,category,otc hl,4,same,gross_margin,2,188.5
purchase,2025-05-01,category,otc hl,5,any,gross_margin,2,866.5
purchase,2025-05-01,category,otc hl,5,same,gross_margin,2,188.5
purchase,2025-05-01,category,otc hl,6,any,gross_margin,2,866.5
purchase,2025-05-01,category,otc hl,6,same,gross_margin,2,188.5
purchase,2025-05-01,category,otc hl,7,any,gross_margin,2,1001.95
purchase,2025-05-01,category,otc hl,7,same,gross_margin,2,323.95
purchase,2025-05-01,category,otc hl,8,any,gross_margin,2,1001.95
purchase,2025-05-01,category,otc hl,8,same,gross_margin,2,323.95
purchase,2025-05-01,category,pom bg,0,any,gross_margin,1,319.0
purchase,2025-05-01,category,pom bg,0,same,gross_margin,1,319.0
purchase,2025-05-01,category,pom bg,1,any,gross_margin,1,319.0
purchase,2025-05-01,category,pom bg,1,same,gross_margin,1,319.0
purchase,2025-05-01,category,pom bg,2,any,gross_margin,1,319.0
purchase,2025-05-01,category,pom bg,2,same,gross_margin,1,319.0
purchase,2025-05-01,category,pom bg,3,any,gross_margin,1,319.0
purchase,2025-05-01,category,pom bg,3,same,gross_margin,1,319.0
purchase,2025-05-01,category,pom bg,4,any,gross_margin,1,319.0
purchase,2025-05-01,category,pom bg,4,same,gross_margin,1,319.0
purchase,2025-05-01,category,pom bg,5,any,gross_margin,1,319.0
purchase,2025-05-01,category,pom bg,5,same,gross_margin,1,319.0
purchase,2025-05-01,category,pom bg,6,any,gross_margin,1,319.0
purchase,2025-05-01,category,pom bg,6,same,gross_margin,1,319.0
purchase,2025-05-01,category,pom bg,7,any,gross_margin,1,319.0
purchase,2025-05-01,category,pom bg,7,same,gross_margin,1,319.0
purchase,2025-05-01,category,pom bg,8,any,gross_margin,1,319.0
purchase,2025-05-01,category,pom bg,8,same,gross_margin,1,319.0
purchase,2025-05-01,category,pom hl,0,any,gross_margin,68,623.76
purchase,2025-05-01,category,pom hl,0,same,gross_margin,68,555.41
purchase,2025-05-01,category,pom hl,1,any,gross_margin,68,942.4
purchase,2025-05-01,category,pom hl,1,same,gross_margin,68,862.76
purchase,2025-05-01,category,pom hl,2,any,gross_margin,68,1229.87
purchase,2025-05-01,category,pom hl,2,same,gross_margin,68,1140.43
purchase,2025-05-01,category,pom hl,3,any,gross_margin,68,1492.51
purchase,2025-05-01,category,pom hl,3,same,gross_margin,68,1403.07
purchase,2025-05-01,category,pom hl,4,any,gross_margin,68,1693.92
purchase,2025-05-01,category,pom hl,4,same,gross_margin,68,1599.06
purchase,2025-05-01,category,pom hl,5,any,gross_margin,68,1911.94
purchase,2025-05-01,category,pom hl,5,same,gross_margin,68,1807.09
purchase,2025-05-01,category,pom hl,6,any,gross_margin,68,2145.76
purchase,2025-05-01,category,pom hl,6,same,gross_margin,68,2036.46
purchase,2025-05-01,category,pom hl,7,any,gross_margin,68,2289.33
purchase,2025-05-01,category,pom hl,7,same,gross_margin,68,2162.15
purchase,2025-05-01,category,pom hl,8,any,gross_margin,68,2454.74
purchase,2025-05-01,category,pom hl,8,same,gross_margin,68,2327.56
purchase,2025-05-01,category,pom sh,0,any,gross_margin,2,420.0
purchase,2025-05-01,category,pom sh,0,same,gross_margin,2,420.0
purchase,2025-05-01,category,pom sh,1,any,gross_margin,2,420.0
purchase,2025-05-01,category,pom sh,1,same,gross_margin,2,420.0
purchase,2025-05-01,category,pom sh,2,any,gross_margin,2,420.0
purchase,2025-05-01,category,pom sh,2,same,gross_margin,2,420.0
purchase,2025-05-01,category,pom sh,3,any,gross_margin,2,420.0
purchase,2025-05-01,category,pom sh,3,same,gross_margin,2,420.0
purchase,2025-05-01,category,pom sh,4,any,gross_margin,2,420.0
purchase,2025-05-01,category,pom sh,4,same,gross_margin,2,420.0
purchase,2025-05-01,category,pom sh,5,any,gross_margin,2,420.0
purchase,2025-05-01,category,pom sh,5,same,gross_margin,2,420.0
purchase,2025-05-01,category,pom sh,6,any,gross_margin,2,420.0
purchase,2025-05-01,category,pom sh,6,same,gross_margin,2,420.0
purchase,2025-05-01,category,pom sh,7,any,gross_margin,2,420.0
purchase,2025-05-01,category,pom sh,7,same,gross_margin,2,420.0
purchase,2025-05-01,category,pom sh,8,any,gross_margin,2,420.0
purchase,2025-05-01,category,pom sh,8,same,gross_margin,2,420.0
purchase,2025-06-01,category,otc sh,0,any,gross_margin,6,182.33
purchase,2025-06-01,category,otc sh,0,same,gross_margin,6,182.33
purchase,2025-06-01,category,otc sh,1,any,gross_margin,6,182.33
purchase,2025-06-01,category,otc sh,1,same,gross_margin,6,182.33
purchase,2025-06-01,category,otc sh,2,any,gross_margin,6,182.33
purchase,2025-06-01,category,otc sh,2,same,gross_margin,6,182.33
purchase,2025-06-01,category,otc sh,3,any,gross_margin,6,182.33
purchase,2025-06-01,category,otc sh,3,same,gross_margin,6,182.33
purchase,2025-06-01,category,otc sh,4,any,gross_margin,6,182.33
purchase,2025-06-01,category,otc sh,4,same,gross_margin,6,182.33
purchase,2025-06-01,category,otc sh,5,any,gross_margin,6,182.33
purchase,2025-06-01,category,otc sh,5,same,gross_margin,6,182.33
purchase,2025-06-01,category,otc sh,6,any,gross_margin,6,182.33
purchase,2025-06-01,category,otc sh,6,same,gross_margin,6,182.33
purchase,2025-06-01,category,otc sh,7,any,gross_margin,6,182.33
purchase,2025-06-01,category,otc sh,7,same,gross_margin,6,182.33
purchase,2025-06-01,category,otc sk,0,any,gross_margin,1,289.0
purchase,2025-06-01,category,otc sk,0,same,gross_margin,1,289.0
purchase,2025-06-01,category,otc sk,1,any,gross_margin,1,289.0
purchase,2025-06-01,category,otc sk,1,same,gross_margin,1,289.0
purchase,2025-06-01,category,otc sk,2,any,gross_margin,1,289.0
purchase,2025-06-01,category,otc sk,2,same,gross_margin,1,289.0
purchase,2025-06-01,category,otc sk,3,any,gross_margin,1,289.0
purchase,2025-06-01,category,otc sk,3,same,gross_margin,1,289.0
purchase,2025-06-01,category,otc sk,4,any,gross_margin,1,289.0
purchase,2025-06-01,category,otc sk,4,same,gross_margin,1,289.0
purchase,2025-06-01,category,otc sk,5,any,gross_margin,1,289.0
purchase,2025-06-01,category,otc sk,5,same,gross_margin,1,289.0
purchase,2025-06-01,category,otc sk,6,any,gross_margin,1,289.0
purchase,2025-06-01,category,otc sk,6,same,gross_margin,1,289.0
purchase,2025-06-01,category,otc sk,7,any,gross_margin,1,289.0
purchase,2025-06-01,category,otc sk,7,same,gross_margin,1,289.0
purchase,2025-06-01,category,pom bg,0,any,gross_margin,1,319.0
purchase,2025-06-01,category,pom bg,0,same,gross_margin,1,319.0
purchase,2025-06-01,category,pom bg,1,any,gross_margin,1,638.0
purchase,2025-06-01,category,pom bg,1,same,gross_margin,1,638.0
purchase,2025-06-01,category,pom bg,2,any,gross_margin,1,957.0
purchase,2025-06-01,category,pom bg,2,same,gross_margin,1,957.0
purchase,2025-06-01,category,pom bg,3,any,gross_margin,1,957.0
purchase,2025-06-01,category,pom bg,3,same,gross_margin,1,957.0
purchase,2025-06-01,category,pom bg,4,any,gross_margin,1,957.0
purchase,2025-06-01,category,pom bg,4,same,gross_margin,1,957.0
purchase,2025-06-01,category,pom bg,5,any,gross_margin,1,957.0
purchase,2025-06-01,category,pom bg,5,same,gross_margin,1,957.0
purchase,2025-06-01,category,pom bg,6,any,gross_margin,1,957.0
purchase,2025-06-01,category,pom bg,6,same,gross_margin,1,957.0
purchase,2025-06-01,category,pom bg,7,any,gross_margin,1,957.0
purchase,2025-06-01,category,pom bg,7,same,gross_margin,1,957.0
purchase,2025-06-01,category,pom hl,0,any,gross_margin,65,628.56
purchase,2025-06-01,category,pom hl,0,same,gross_margin,65,542.19
purchase,2025-06-01,category,pom hl,1,any,gross_margin,65,869.32
purchase,2025-06-01,category,pom hl,1,same,gross_margin,65,779.66
purchase,2025-06-01,category,pom hl,2,any,gross_margin,65,1154.66
purchase,2025-06-01,category,pom hl,2,same,gross_margin,65,1062.24
purchase,2025-06-01,category,pom hl,3,any,gross_margin,65,1434.94
purchase,2025-06-01,category,pom hl,3,same,gross_margin,65,1342.52
purchase,2025-06-01,category,pom hl,4,any,gross_margin,65,1618.11
purchase,2025-06-01,category,pom hl,4,same,gross_margin,65,1523.71
purchase,2025-06-01,category,pom hl,5,any,gross_margin,65,1872.25
purchase,2025-06-01,category,pom hl,5,same,gross_margin,65,1772.95
purchase,2025-06-01,category,pom hl,6,any,gross_margin,65,2144.91
purchase,2025-06-01,category,pom hl,6,same,gross_margin,65,2038.7
purchase,2025-06-01,category,pom hl,7,any,gross_margin,65,2288.85
purchase,2025-06-01,category,pom hl,7,same,gross_margin,65,2174.58
purchase,2025-06-01,category,pom sh,0,any,gross_margin,2,498.5
purchase,2025-06-01,category,pom sh,0,same,gross_margin,2,296.17
purchase,2025-06-01,category,pom sh,1,any,gross_margin,2,498.5
purchase,2025-06-01,category,pom sh,1,same,gross_margin,2,296.17
purchase,2025-06-01,category,pom sh,2,any,gross_margin,2,498.5
purchase,2025-06-01,category,pom sh,2,same,gross_margin,2,296.17
purchase,2025-06-01,category,pom sh,3,any,gross_margin,2,498.5
purchase,2025-06-01,category,pom sh,3,same,gross_margin,2,296.17
purchase,2025-06-01,category,pom sh,4,any,gross_margin,2,498.5
purchase,2025-06-01,category,pom sh,4,same,gross_margin,2,296.17
purchase,2025-06-01,category,pom sh,5,any,gross_margin,2,498.5
purchase,2025-06-01,category,pom sh,5,same,gross_margin,2,296.17
purchase,2025-06-01,category,pom sh,6,any,gross_margin,2,498.5
purchase,2025-06-01,category,pom sh,6,same,gross_margin,2,296.17
purchase,2025-06-01,category,pom sh,7,any,gross_margin,2,498.5
purchase,2025-06-01,category,pom sh,7,same,gross_margin,2,296.17
purchase,2025-07-01,category,otc hl,0,any,gross_margin,3,305.4
purchase,2025-07-01,category,otc hl,0,same,gross_margin,3,179.03
purchase,2025-07-01,category,otc hl,1,any,gross_margin,3,305.4
purchase,2025-07-01,category,otc hl,1,same,gross_margin,3,179.03
purchase,2025-07-01,category,otc hl,2,any,gross_margin,3,305.4
purchase,2025-07-01,category,otc hl,2,same,gross_margin,3,179.03
purchase,2025-07-01,category,otc hl,3,any,gross_margin,3,305.4
purchase,2025-07-01,category,otc hl,3,same,gross_margin,3,179.03
purchase,2025-07-01,category,otc hl,4,any,gross_margin,3,305.4
purchase,2025-07-01,category,otc hl,4,same,gross_margin,3,179.03
purchase,2025-07-01,category,otc hl,5,any,gross_margin,3,347.05
purchase,2025-07-01,category,otc hl,5,same,gross_margin,3,220.68
purchase,2025-07-01,category,otc hl,6,any,gross_margin,3,347.05
purchase,2025-07-01,category,otc hl,6,same,gross_margin,3,220.68
purchase,2025-07-01,category,otc sh,0,any,gross_margin,3,158.67
purchase,2025-07-01,category,otc sh,0,same,gross_margin,3,158.67
purchase,2025-07-01,category,otc sh,1,any,gross_margin,3,158.67
purchase,2025-07-01,category,otc sh,1,same,gross_margin,3,158.67
purchase,2025-07-01,category,otc sh,2,any,gross_margin,3,158.67
purchase,2025-07-01,category,otc sh,2,same,gross_margin,3,158.67
purchase,2025-07-01,category,otc sh,3,any,gross_margin,3,158.67
purchase,2025-07-01,category,otc sh,3,same,gross_margin,3,158.67
purchase,2025-07-01,category,otc sh,4,any,gross_margin,3,158.67
purchase,2025-07-01,category,otc sh,4,same,gross_margin,3,158.67
purchase,2025-07-01,category,otc sh,5,any,gross_margin,3,158.67
purchase,2025-07-01,category,otc sh,5,same,gross_margin,3,158.67
purchase,2025-07-01,category,otc sh,6,any,gross_margin,3,158.67
purchase,2025-07-01,category,otc sh,6,same,gross_margin,3,158.67
purchase,2025-07-01,category,otc sk,0,any,gross_margin,1,336.1
purchase,2025-07-01,category,otc sk,0,same,gross_margin,1,336.1
purchase,2025-07-01,category,otc sk,1,any,gross_margin,1,336.1
purchase,2025-07-01,category,otc sk,1,same,gross_margin,1,336.1
purchase,2025-07-01,category,otc sk,2,any,gross_margin,1,336.1
purchase,2025-07-01,category,otc sk,2,same,gross_margin,1,336.1
purchase,2025-07-01,category,otc sk,3,any,gross_margin,1,336.1
purchase,2025-07-01,category,otc sk,3,same,gross_margin,1,336.1
purchase,2025-07-01,category,otc sk,4,any,gross_margin,1,336.1
purchase,2025-07-01,category,otc sk,4,same,gross_margin,1,336.1
purchase,2025-07-01,category,otc sk,5,any,gross_margin,1,336.1
purchase,2025-07-01,category,otc sk,5,same,gross_margin,1,336.1
purchase,2025-07-01,category,otc sk,6,any,gross_margin,1,336.1
purchase,2025-07-01,category,otc sk,6,same,gross_margin,1,336.1
purchase,2025-07-01,category,pom hl,0,any,gross_margin,65,694.35
purchase,2025-07-01,category,pom hl,0,same,gross_margin,65,598.5
purchase,2025-07-01,category,pom hl,1,any,gross_margin,65,848.04
purchase,2025-07-01,category,pom hl,1,same,gross_margin,65,750.05
purchase,2025-07-01,category,pom hl,2,any,gross_margin,65,1070.06
purchase,2025-07-01,category,pom hl,2,same,gross_margin,65,969.93
purchase,2025-07-01,category,pom hl,3,any,gross_margin,65,1481.27
purchase,2025-07-01,category,pom hl,3,same,gross_margin,65,1368.64
purchase,2025-07-01,category,pom hl,4,any,gross_margin,65,1723.92
purchase,2025-07-01,category,pom hl,4,same,gross_margin,65,1603.84
purchase,2025-07-01,category,pom hl,5,any,gross_margin,65,1900.51
purchase,2025-07-01,category,pom hl,5,same,gross_margin,65,1760.42
purchase,2025-07-01,category,pom hl,6,any,gross_margin,65,2196.23
purchase,2025-07-01,category,pom hl,6,same,gross_margin,65,2053.53
purchase,2025-07-01,category,pom sh,0,any,gross_margin,4,641.75
purchase,2025-07-01,category,pom sh,0,same,gross_margin,4,457.12
purchase,2025-07-01,category,pom sh,1,any,gross_margin,4,641.75
purchase,2025-07-01,category,pom sh,1,same,gross_margin,4,457.12
purchase,2025-07-01,category,pom sh,2,any,gross_margin,4,641.75
purchase,2025-07-01,category,pom sh,2,same,gross_margin,4,457.12
purchase,2025-07-01,category,pom sh,3,any,gross_margin,4,641.75
purchase,2025-07-01,category,pom sh,3,same,gross_margin,4,457.12
purchase,2025-07-01,category,pom sh,4,any,gross_margin,4,641.75
purchase,2025-07-01,category,pom sh,4,same,gross_margin,4,457.12
purchase,2025-07-01,category,pom sh,5,any,gross_margin,4,641.75
purchase,2025-07-01,category,pom sh,5,same,gross_margin,4,457.12
purchase,2025-07-01,category,pom sh,6,any,gross_margin,4,641.75
purchase,2025-07-01,category,pom sh,6,same,gross_margin,4,457.12
purchase,2025-08-01,category,otc hl,0,any,gross_margin,3,255.33
purchase,2025-08-01,category,otc hl,0,same,gross_margin,3,177.33
purchase,2025-08-01,category,otc hl,1,any,gross_margin,3,255.33
purchase,2025-08-01,category,otc hl,1,same,gross_margin,3,177.33
purchase,2025-08-01,category,otc hl,2,any,gross_margin,3,361.67
purchase,2025-08-01,category,otc hl,2,same,gross_margin,3,177.33
purchase,2025-08-01,category,otc hl,3,any,gross_margin,3,361.67
purchase,2025-08-01,category,otc hl,3,same,gross_margin,3,177.33
purchase,2025-08-01,category,otc hl,4,any,gross_margin,3,361.67
purchase,2025-08-01,category,otc hl,4,same,gross_margin,3,177.33
purchase,2025-08-01,category,otc hl,5,any,gross_margin,3,361.67
purchase,2025-08-01,category,otc hl,5,same,gross_margin,3,177.33
purchase,2025-08-01,category,otc sh,0,any,gross_margin,4,141.24
purchase,2025-08-01,category,otc sh,0,same,gross_margin,4,141.24
purchase,2025-08-01,category,otc sh,1,any,gross_margin,4,141.24
purchase,2025-08-01,category,otc sh,1,same,gross_margin,4,141.24
purchase,2025-08-01,category,otc sh,2,any,gross_margin,4,141.24
purchase,2025-08-01,category,otc sh,2,same,gross_margin,4,141.24
purchase,2025-08-01,category,otc sh,3,any,gross_margin,4,141.24
purchase,2025-08-01,category,otc sh,3,same,gross_margin,4,141.24
purchase,2025-08-01,category,otc sh,4,any,gross_margin,4,141.24
purchase,2025-08-01,category,otc sh,4,same,gross_margin,4,141.24
purchase,2025-08-01,category,otc sh,5,any,gross_margin,4,141.24
purchase,2025-08-01,category,otc sh,5,same,gross_margin,4,141.24
purchase,2025-08-01,category,pom bg,0,any,gross_margin,3,295.75
purchase,2025-08-01,category,pom bg,0,same,gross_margin,3,295.75
purchase,2025-08-01,category,pom bg,1,any,gross_margin,3,388.75
purchase,2025-08-01,category,pom bg,1,same,gross_margin,3,388.75
purchase,2025-08-01,category,pom bg,2,any,gross_margin,3,388.75
purchase,2025-08-01,category,pom bg,2,same,gross_margin,3,388.75
purchase,2025-08-01,category,pom bg,3,any,gross_margin,3,388.75
purchase,2025-08-01,category,pom bg,3,same,gross_margin,3,388.75
purchase,2025-08-01,category,pom bg,4,any,gross_margin,3,388.75
purchase,2025-08-01,category,pom bg,4,same,gross_margin,3,388.75
purchase,2025-08-01,category,pom bg,5,any,gross_margin,3,388.75
purchase,2025-08-01,category,pom bg,5,same,gross_margin,3,388.75
purchase,2025-08-01,category,pom hl,0,any,gross_margin,61,757.12
purchase,2025-08-01,category,pom hl,0,same,gross_margin,61,673.7
purchase,2025-08-01,category,pom hl,1,any,gross_margin,61,922.08
purchase,2025-08-01,category,pom hl,1,same,gross_margin,61,833.52
purchase,2025-08-01,category,pom hl,2,any,gross_margin,61,1122.71
purchase,2025-08-01,category,pom hl,2,same,gross_margin,61,1028.91
purchase,2025-08-01,category,pom hl,3,any,gross_margin,61,1755.05
purchase,2025-08-01,category,pom hl,3,same,gross_margin,61,1641.1
purchase,2025-08-01,category,pom hl,4,any,gross_margin,61,1963.97
purchase,2025-08-01,category,pom hl,4,same,gross_margin,61,1837.24
purchase,2025-08-01,category,pom hl,5,any,gross_margin,61,2076.59
purchase,2025-08-01,category,pom hl,5,same,gross_margin,61,1942.16
purchase,2025-08-01,category,pom sh,0,any,gross_margin,5,390.0
purchase,2025-08-01,category,pom sh,0,same,gross_margin,5,390.0
purchase,2025-08-01,category,pom sh,1,any,gross_margin,5,390.0
purchase,2025-08-01,category,pom sh,1,same,gross_margin,5,390.0
purchase,2025-08-01,category,pom sh,2,any,gross_margin,5,390.0
purchase,2025-08-01,category,pom sh,2,same,gross_margin,5,390.0
purchase,2025-08-01,category,pom sh,3,any,gross_margin,5,390.0
purchase,2025-08-01,category,pom sh,3,same,gross_margin,5,390.0
purchase,2025-08-01,category,pom sh,4,any,gross_margin,5,390.0
purchase,2025-08-01,category,pom sh,4,same,gross_margin,5,390.0
purchase,2025-08-01,category,pom sh,5,any,gross_margin,5,390.0
purchase,2025-08-01,category,pom sh,5,same,gross_margin,5,390.0
purchase,2025-09-01,category,otc hl,0,any,gross_margin,2,161.62
purchase,2025-09-01,category,otc hl,0,same,gross_margin,2,161.62
purchase,2025-09-01,category,otc hl,1,any,gross_margin,2,161.62
purchase,2025-09-01,category,otc hl,1,same,gross_margin,2,161.62
purchase,2025-09-01,category,otc hl,2,any,gross_margin,2,161.62
purchase,2025-09-01,category,otc hl,2,same,gross_margin,2,161.62
purchase,2025-09-01,category,otc hl,3,any,gross_margin,2,161.62
purchase,2025-09-01,category,otc hl,3,same,gross_margin,2,161.62
purchase,2025-09-01,category,otc hl,4,any,gross_margin,2,161.62
purchase,2025-09-01,category,otc hl,4,same,gross_margin,2,161.62
purchase,2025-09-01,category,otc sh,0,any,gross_margin,6,142.17
purchase,2025-09-01,category,otc sh,0,same,gross_margin,6,142.17
purchase,2025-09-01,category,otc sh,1,any,gross_margin,6,162.0
purchase,2025-09-01,category,otc sh,1,same,gross_margin,6,162.0
purchase,2025-09-01,category,otc sh,2,any,gross_margin,6,181.83
purchase,2025-09-01,category,otc sh,2,same,gross_margin,6,181.83
purchase,2025-09-01,category,otc sh,3,any,gross_margin,6,202.66
purchase,2025-09-01,category,otc sh,3,same,gross_margin,6,202.66
purchase,2025-09-01,category,otc sh,4,any,gross_margin,6,223.48
purchase,2025-09-01,category,otc sh,4,same,gross_margin,6,223.48
purchase,2025-09-01,category,otc sk,0,any,gross_margin,1,369.0
purchase,2025-09-01,category,otc sk,0,same,gross_margin,1,369.0
purchase,2025-09-01,category,otc sk,1,any,gross_margin,1,369.0
purchase,2025-09-01,category,otc sk,1,same,gross_margin,1,369.0
purchase,2025-09-01,category,otc sk,2,any,gross_margin,1,369.0
purchase,2025-09-01,category,otc sk,2,same,gross_margin,1,369.0
purchase,2025-09-01,category,otc sk,3,any,gross_margin,1,369.0
purchase,2025-09-01,category,otc sk,3,same,gross_margin,1,369.0
purchase,2025-09-01,category,otc sk,4,any,gross_margin,1,369.0
purchase,2025-09-01,category,otc sk,4,same,gross_margin,1,369.0
purchase,2025-09-01,category,pom bg,0,any,gross_margin,2,319.0
purchase,2025-09-01,category,pom bg,0,same,gross_margin,2,319.0
purchase,2025-09-01,category,pom bg,1,any,gross_margin,2,319.0
purchase,2025-09-01,category,pom bg,1,same,gross_margin,2,319.0
purchase,2025-09-01,category,pom bg,2,any,gross_margin,2,319.0
purchase,2025-09-01,category,pom bg,2,same,gross_margin,2,319.0
purchase,2025-09-01,category,pom bg,3,any,gross_margin,2,319.0
purchase,2025-09-01,category,pom bg,3,same,gross_margin,2,319.0
purchase,2025-09-01,category,pom bg,4,any,gross_margin,2,319.0
purchase,2025-09-01,category,pom bg,4,same,gross_margin,2,319.0
purchase,2025-09-01,category,pom hl,0,any,gross_margin,65,639.74
purchase,2025-09-01,category,pom hl,0,same,gross_margin,65,580.38
purchase,2025-09-01,category,pom hl,1,any,gross_margin,65,795.79
purchase,2025-09-01,category,pom hl,1,same,gross_margin,65,736.43
purchase,2025-09-01,category,pom hl,2,any,gross_margin,65,982.88
purchase,2025-09-01,category,pom hl,2,same,gross_margin,65,914.25
purchase,2025-09-01,category,pom hl,3,any,gross_margin,65,1339.57
purchase,2025-09-01,category,pom hl,3,same,gross_margin,65,1260.74
purchase,2025-09-01,category,pom hl,4,any,gross_margin,65,1465.18
purchase,2025-09-01,category,pom hl,4,same,gross_margin,65,1372.77
purchase,2025-09-01,category,pom sh,0,any,gross_margin,12,502.0
purchase,2025-09-01,category,pom sh,0,same,gross_margin,12,472.08
purchase,2025-09-01,category,pom sh,1,any,gross_margin,12,502.0
purchase,2025-09-01,category,pom sh,1,same,gross_margin,12,472.08
purchase,2025-09-01,category,pom sh,2,any,gross_margin,12,512.75
purchase,2025-09-01,category,pom sh,2,same,gross_margin,12,472.08
purchase,2025-09-01,category,pom sh,3,any,gross_margin,12,512.75
purchase,2025-09-01,category,pom sh,3,same,gross_margin,12,472.08
purchase,2025-09-01,category,pom sh,4,any,gross_margin,12,512.75
purchase,2025-09-01,category,pom sh,4,same,gross_margin,12,472.08
purchase,2025-10-01,category,otc hl,0,any,gross_margin,2,478.6
purchase,2025-10-01,category,otc hl,0,same,gross_margin,2,239.3
purchase,2025-10-01,category,otc hl,1,any,gross_margin,2,478.6
purchase,2025-10-01,category,otc hl,1,same,gross_margin,2,239.3
purchase,2025-10-01,category,otc hl,2,any,gross_margin,2,478.6
purchase,2025-10-01,category,otc hl,2,same,gross_margin,2,239.3
purchase,2025-10-01,category,otc hl,3,any,gross_margin,2,478.6
purchase,2025-10-01,category,otc hl,3,same,gross_margin,2,239.3
purchase,2025-10-01,category,otc sh,0,any,gross_margin,16,135.69
purchase,2025-10-01,category,otc sh,0,same,gross_margin,16,135.69
purchase,2025-10-01,category,otc sh,1,any,gross_margin,16,135.69
purchase,2025-10-01,category,otc sh,1,same,gross_margin,16,135.69
purchase,2025-10-01,category,otc sh,2,any,gross_margin,16,135.69
purchase,2025-10-01,category,otc sh,2,same,gross_margin,16,135.69
purchase,2025-10-01,category,otc sh,3,any,gross_margin,16,144.15
purchase,2025-10-01,category,otc sh,3,same,gross_margin,16,144.15
purchase,2025-10-01,category,pom bg,0,any,gross_margin,3,295.75
purchase,2025-10-01,category,pom bg,0,same,gross_margin,3,295.75
purchase,2025-10-01,category,pom bg,1,any,gross_margin,3,295.75
purchase,2025-10-01,category,pom bg,1,same,gross_margin,3,295.75
purchase,2025-10-01,category,pom bg,2,any,gross_margin,3,295.75
purchase,2025-10-01,category,pom bg,2,same,gross_margin,3,295.75
purchase,2025-10-01,category,pom bg,3,any,gross_margin,3,295.75
purchase,2025-10-01,category,pom bg,3,same,gross_margin,3,295.75
purchase,2025-10-01,category,pom hl,0,any,gross_margin,76,724.35
purchase,2025-10-01,category,pom hl,0,same,gross_margin,76,700.06
purchase,2025-10-01,category,pom hl,1,any,gross_margin,76,843.23
purchase,2025-10-01,category,pom hl,1,same,gross_margin,76,818.94
purchase,2025-10-01,category,pom hl,2,any,gross_margin,76,1039.33
purchase,2025-10-01,category,pom hl,2,same,gross_margin,76,1011.45
purchase,2025-10-01,category,pom hl,3,any,gross_margin,76,1387.92
purchase,2025-10-01,category,pom hl,3,same,gross_margin,76,1333.0
purchase,2025-10-01,category,pom sh,0,any,gross_margin,4,503.5
purchase,2025-10-01,category,pom sh,0,same,gross_margin,4,503.5
purchase,2025-10-01,category,pom sh,1,any,gross_margin,4,503.5
purchase,2025-10-01,category,pom sh,1,same,gross_margin,4,503.5
purchase,2025-10-01,category,pom sh,2,any,gross_margin,4,689.88
purchase,2025-10-01,category,pom sh,2,same,gross_margin,4,689.88
purchase,2025-10-01,category,pom sh,3,any,gross_margin,4,689.88
purchase,2025-10-01,category,pom sh,3,same,gross_margin,4,689.88
purchase,2025-11-01,category,otc hl,0,any,gross_margin,7,304.56
purchase,2025-11-01,category,otc hl,0,same,gross_margin,7,153.59
purchase,2025-11-01,category,otc hl,1,any,gross_margin,7,304.56
purchase,2025-11-01,category,otc hl,1,same,gross_margin,7,153.59
purchase,2025-11-01,category,otc hl,2,any,gross_margin,7,368.91
purchase,2025-11-01,category,otc hl,2,same,gross_margin,7,185.76
purchase,2025-11-01,category,otc sh,0,any,gross_margin,65,125.6
purchase,2025-11-01,category,otc sh,0,same,gross_margin,65,124.0
purchase,2025-11-01,category,otc sh,1,any,gross_margin,65,129.07
purchase,2025-11-01,category,otc sh,1,same,gross_margin,65,125.44
purchase,2025-11-01,category,otc sh,2,any,gross_margin,65,131.62
purchase,2025-11-01,category,otc sh,2,same,gross_margin,65,126.71
purchase,2025-11-01,category,pom bg,0,any,gross_margin,3,352.0
purchase,2025-11-01,category,pom bg,0,same,gross_margin,3,282.33
purchase,2025-11-01,category,pom bg,1,any,gross_margin,3,604.63
purchase,2025-11-01,category,pom bg,1,same,gross_margin,3,461.82
purchase,2025-11-01,category,pom bg,2,any,gross_margin,3,827.93
purchase,2025-11-01,category,pom bg,2,same,gross_margin,3,685.12
purchase,2025-11-01,category,pom hl,0,any,gross_margin,77,696.13
purchase,2025-11-01,category,pom hl,0,same,gross_margin,77,612.45
purchase,2025-11-01,category,pom hl,1,any,gross_margin,77,861.84
purchase,2025-11-01,category,pom hl,1,same,gross_margin,77,752.42
purchase,2025-11-01,category,pom hl,2,any,gross_margin,77,1054.12
purchase,2025-11-01,category,pom hl,2,same,gross_margin,77,936.07
purchase,2025-11-01,category,pom sh,0,any,gross_margin,10,455.83
purchase,2025-11-01,category,pom sh,0,same,gross_margin,10,406.78
purchase,2025-11-01,category,pom sh,1,any,gross_margin,10,455.83
purchase,2025-11-01,category,pom sh,1,same,gross_margin,10,406.78
purchase,2025-11-01,category,pom sh,2,any,gross_margin,10,587.92
purchase,2025-11-01,category,pom sh,2,same,gross_margin,10,538.87
purchase,2025-12-01,category,otc hl,0,any,gross_margin,1,691.75
purchase,2025-12-01,category,otc hl,0,same,gross_margin,1,691.75
purchase,2025-12-01,category,otc hl,1,any,gross_margin,1,1141.26
purchase,2025-12-01,category,otc hl,1,same,gross_margin,1,1058.22
purchase,2025-12-01,category,otc sh,0,any,gross_margin,54,131.37
purchase,2025-12-01,category,otc sh,0,same,gross_margin,54,129.54
purchase,2025-12-01,category,otc sh,1,any,gross_margin,54,131.37
purchase,2025-12-01,category,otc sh,1,same,gross_margin,54,129.54
purchase,2025-12-01,category,pom bg,0,any,gross_margin,3,310.54
purchase,2025-12-01,category,pom bg,0,same,gross_margin,3,310.54
purchase,2025-12-01,category,pom bg,1,any,gross_margin,3,310.54
purchase,2025-12-01,category,pom bg,1,same,gross_margin,3,310.54
purchase,2025-12-01,category,pom hl,0,any,gross_margin,66,715.34
purchase,2025-12-01,category,pom hl,0,same,gross_margin,66,689.58
purchase,2025-12-01,category,pom hl,1,any,gross_margin,66,946.56
purchase,2025-12-01,category,pom hl,1,same,gross_margin,66,889.87
purchase,2025-12-01,category,pom sh,0,any,gross_margin,22,492.22
purchase,2025-12-01,category,pom sh,0,same,gross_margin,22,468.36
purchase,2025-12-01,category,pom sh,1,any,gross_margin,22,492.22
purchase,2025-12-01,category,pom sh,1,same,gross_margin,22,468.36
purchase,2026-01-01,category,otc hl,0,any,gross_margin,3,90.3
purchase,2026-01-01,category,otc hl,0,same,gross_margin,3,90.3
purchase,2026-01-01,category,otc sh,0,any,gross_margin,51,138.16
purchase,2026-01-01,category,otc sh,0,same,gross_margin,51,138.16
purchase,2026-01-01,category,otc sk,0,any,gross_margin,1,0.0
purchase,2026-01-01,category,otc sk,0,same,gross_margin,1,0.0
purchase,2026-01-01,category,pom bg,0,any,gross_margin,1,334.95
purchase,2026-01-01,category,pom bg,0,same,gross_margin,1,334.95
purchase,2026-01-01,category,pom hl,0,any,gross_margin,85,751.18
purchase,2026-01-01,category,pom hl,0,same,gross_margin,85,710.24
purchase,2026-01-01,category,pom sh,0,any,gross_margin,24,557.26
purchase,2026-01-01,category,pom sh,0,same,gross_margin,24,483.63
